path,reason
E:\Downey cross-sucking videos 2024\Group 1 Day 1\._N884A6_ch7_main_20240706043000_20240706050001.mp4,decode_or_hash_failed
E:\Downey cross-sucking videos 2024\Group 1 Day 1\._N884A6_ch7_main_20240706050001_20240706053001.mp4,decode_or_hash_failed
E:\Downey cross-sucking videos 2024\Group 1 Day 1\._N884A6_ch7_main_20240706053001_20240706060001.mp4,decode_or_hash_failed
E:\Downey cross-sucking videos 2024\Group 1 Day 1\._N884A6_ch7_main_20240706060001_20240706063001.mp4,decode_or_hash_failed
E:\Downey cross-sucking videos 2024\Group 1 Day 1\._N884A6_ch7_main_20240706063001_20240706070001.mp4,decode_or_hash_failed
E:\Downey cross-sucking videos 2024\Group 1 Day 1\._N884A6_ch7_main_20240706070001_20240706073001.mp4,decode_or_hash_failed
E:\Downey cross-sucking videos 2024\Group 1 Day 1\._N884A6_ch7_main_20240706073001_20240706080001.mp4,decode_or_hash_failed
E:\Downey cross-sucking videos 2024\Group 1 Day 1\._N884A6_ch7_main_20240706080001_20240706083001.mp4,decode_or_hash_failed
E:\Downey cross-sucking videos 2024\Group 1 Day 1\._N884A6_ch7_main_20240706083001_20240706090001.mp4,decode_or_hash_failed
E:\Downey cross-sucking videos 2024\Group 1 Day 1\._N884A6_ch7_main_20240706090001_20240706093001.mp4,decode_or_hash_failed
E:\Downey cross-sucking videos 2024\Group 1 Day 1\._N884A6_ch7_main_20240706093001_20240706100001.mp4,decode_or_hash_failed
E:\Downey cross-sucking videos 2024\Group 1 Day 1\._N884A6_ch7_main_20240706100001_20240706103001.mp4,decode_or_hash_failed
E:\Downey cross-sucking videos 2024\Group 1 Day 1\._N884A6_ch7_main_20240706103001_20240706110001.mp4,decode_or_hash_failed
E:\Downey cross-sucking videos 2024\Group 1 Day 1\._N884A6_ch7_main_20240706110001_20240706113001.mp4,decode_or_hash_failed
E:\Downey cross-sucking videos 2024\Group 1 Day 1\._N884A6_ch7_main_20240706113001_20240706120001.mp4,decode_or_hash_failed
E:\Downey cross-sucking videos 2024\Group 1 Day 1\._N884A6_ch7_main_20240706120001_20240706123001.mp4,decode_or_hash_failed
E:\Downey cross-sucking videos 2024\Group 1 Day 1\._N884A6_ch7_main_20240706123001_20240706130001.mp4,decode_or_hash_failed
E:\Downey cross-sucking videos 2024\Group 1 Day 1\._N884A6_ch7_main_20240706130001_20240706133001.mp4,decode_or_hash_failed
E:\Downey cross-sucking videos 2024\Group 1 Day 1\._N884A6_ch7_main_20240706133001_20240706140001.mp4,decode_or_hash_failed
E:\Downey cross-sucking videos 2024\Group 1 Day 1\._N884A6_ch7_main_20240706140001_20240706143001.mp4,decode_or_hash_failed
E:\Downey cross-sucking videos 2024\Group 1 Day 1\._N884A6_ch7_main_20240706143001_20240706150001.mp4,decode_or_hash_failed
E:\Downey cross-sucking videos 2024\Group 1 Day 1\._N884A6_ch7_main_20240706150001_20240706153001.mp4,decode_or_hash_failed
E:\Downey cross-sucking videos 2024\Group 1 Day 1\._N884A6_ch7_main_20240706153001_20240706160001.mp4,decode_or_hash_failed
E:\Downey cross-sucking videos 2024\Group 1 Day 1\._N884A6_ch7_main_20240706160001_20240706163001.mp4,decode_or_hash_failed
E:\Downey cross-sucking videos 2024\Group 1 Day 1\._N884A6_ch7_main_20240706163001_20240706170001.mp4,decode_or_hash_failed
E:\Downey cross-sucking videos 2024\Group 1 Day 1\._N884A6_ch7_main_20240706170001_20240706173001.mp4,decode_or_hash_failed
E:\Downey cross-sucking videos 2024\Group 1 Day 1\._N884A6_ch7_main_20240706173001_20240706180001.mp4,decode_or_hash_failed
E:\Downey cross-sucking videos 2024\Group 1 Day 1\._N884A6_ch7_main_20240706180001_20240706183001.mp4,decode_or_hash_failed
E:\Downey cross-sucking videos 2024\Group 1 Day 1\._N884A6_ch7_main_20240706183001_20240706190001.mp4,decode_or_hash_failed
E:\Downey cross-sucking videos 2024\Group 1 Day 1\._N884A6_ch7_main_20240706190001_20240706193001.mp4,decode_or_hash_failed
E:\Downey cross-sucking videos 2024\Group 1 Day 1\._N884A6_ch7_main_20240706193001_20240706200001.mp4,decode_or_hash_failed
E:\Downey cross-sucking videos 2024\Group 1 Day 1\._N884A6_ch7_main_20240706200001_20240706203001.mp4,decode_or_hash_failed
E:\Downey cross-sucking videos 2024\Group 1 Day 1\._N884A6_ch7_main_20240706203001_20240706210001.mp4,decode_or_hash_failed
E:\Downey cross-sucking videos 2024\Group 1 Day 1\._N884A6_ch7_main_20240706210001_20240706213001.mp4,decode_or_hash_failed
E:\Downey cross-sucking videos 2024\Group 1 Day 1\._N884A6_ch7_main_20240706213001_20240706220001.mp4,decode_or_hash_failed
E:\Downey cross-sucking videos 2024\Group 1 Day 1\._N884A6_ch7_main_20240706220001_20240706223001.mp4,decode_or_hash_failed
E:\Downey cross-sucking videos 2024\Group 1 Day 1\._N884A6_ch7_main_20240706223001_20240706230001.mp4,decode_or_hash_failed
E:\Downey cross-sucking videos 2024\Group 1 Day 1\._N884A6_ch7_main_20240706230001_20240706233001.mp4,decode_or_hash_failed
E:\Downey cross-sucking videos 2024\Group 1 Day 1\._N884A6_ch7_main_20240706233001_20240707000000.mp4,decode_or_hash_failed
E:\Downey cross-sucking videos 2024\Group 1 Day 1\._N884A6_ch7_main_20240707000000_20240707003001.mp4,decode_or_hash_failed
E:\Downey cross-sucking videos 2024\Group 1 Day 1\._N884A6_ch7_main_20240707003001_20240707010001.mp4,decode_or_hash_failed
E:\Downey cross-sucking videos 2024\Group 1 Day 1\._N884A6_ch7_main_20240707010001_20240707013001.mp4,decode_or_hash_failed
E:\Downey cross-sucking videos 2024\Group 1 Day 1\._N884A6_ch7_main_20240707013001_20240707020001.mp4,decode_or_hash_failed
E:\Downey cross-sucking videos 2024\Group 1 Day 1\._N884A6_ch7_main_20240707020001_20240707023001.mp4,decode_or_hash_failed
E:\Downey cross-sucking videos 2024\Group 1 Day 1\._N884A6_ch7_main_20240707023001_20240707030001.mp4,decode_or_hash_failed
E:\Downey cross-sucking videos 2024\Group 1 Day 1\._N884A6_ch7_main_20240707030001_20240707033001.mp4,decode_or_hash_failed
E:\Downey cross-sucking videos 2024\Group 1 Day 1\._N884A6_ch7_main_20240707033001_20240707040001.mp4,decode_or_hash_failed
E:\Downey cross-sucking videos 2024\Group 1 Day 1\._N884A6_ch7_main_20240707040001_20240707043001.mp4,decode_or_hash_failed
E:\Downey cross-sucking videos 2024\Group 1 Day 1\._N884A6_ch7_main_20240707043001_20240707050000.mp4,decode_or_hash_failed
E:\Downey cross-sucking videos 2024\Group 1 Day 1\._N884A6_ch8_main_20240706043000_20240706050002.mp4,decode_or_hash_failed
E:\Downey cross-sucking videos 2024\Group 1 Day 1\._N884A6_ch8_main_20240706050002_20240706053002.mp4,decode_or_hash_failed
E:\Downey cross-sucking videos 2024\Group 1 Day 1\._N884A6_ch8_main_20240706053002_20240706060002.mp4,decode_or_hash_failed
E:\Downey cross-sucking videos 2024\Group 1 Day 1\._N884A6_ch8_main_20240706060002_20240706063002.mp4,decode_or_hash_failed
E:\Downey cross-sucking videos 2024\Group 1 Day 1\._N884A6_ch8_main_20240706063002_20240706070002.mp4,decode_or_hash_failed
E:\Downey cross-sucking videos 2024\Group 1 Day 1\._N884A6_ch8_main_20240706070002_20240706073002.mp4,decode_or_hash_failed
E:\Downey cross-sucking videos 2024\Group 1 Day 1\._N884A6_ch8_main_20240706073002_20240706080002.mp4,decode_or_hash_failed
E:\Downey cross-sucking videos 2024\Group 1 Day 1\._N884A6_ch8_main_20240706080002_20240706083002.mp4,decode_or_hash_failed
E:\Downey cross-sucking videos 2024\Group 1 Day 1\._N884A6_ch8_main_20240706083002_20240706090002.mp4,decode_or_hash_failed
E:\Downey cross-sucking videos 2024\Group 1 Day 1\._N884A6_ch8_main_20240706090002_20240706093003.mp4,decode_or_hash_failed
E:\Downey cross-sucking videos 2024\Group 1 Day 1\._N884A6_ch8_main_20240706093003_20240706100002.mp4,decode_or_hash_failed
E:\Downey cross-sucking videos 2024\Group 1 Day 1\._N884A6_ch8_main_20240706100002_20240706103002.mp4,decode_or_hash_failed
E:\Downey cross-sucking videos 2024\Group 1 Day 1\._N884A6_ch8_main_20240706103002_20240706110002.mp4,decode_or_hash_failed
E:\Downey cross-sucking videos 2024\Group 1 Day 1\._N884A6_ch8_main_20240706110002_20240706113002.mp4,decode_or_hash_failed
E:\Downey cross-sucking videos 2024\Group 1 Day 1\._N884A6_ch8_main_20240706113002_20240706120002.mp4,decode_or_hash_failed
E:\Downey cross-sucking videos 2024\Group 1 Day 1\._N884A6_ch8_main_20240706120002_20240706123002.mp4,decode_or_hash_failed
E:\Downey cross-sucking videos 2024\Group 1 Day 1\._N884A6_ch8_main_20240706123002_20240706130002.mp4,decode_or_hash_failed
E:\Downey cross-sucking videos 2024\Group 1 Day 1\._N884A6_ch8_main_20240706130002_20240706133002.mp4,decode_or_hash_failed
E:\Downey cross-sucking videos 2024\Group 1 Day 1\._N884A6_ch8_main_20240706133002_20240706140002.mp4,decode_or_hash_failed
E:\Downey cross-sucking videos 2024\Group 1 Day 1\._N884A6_ch8_main_20240706140002_20240706143002.mp4,decode_or_hash_failed
E:\Downey cross-sucking videos 2024\Group 1 Day 1\._N884A6_ch8_main_20240706143002_20240706150002.mp4,decode_or_hash_failed
E:\Downey cross-sucking videos 2024\Group 1 Day 1\._N884A6_ch8_main_20240706150002_20240706153002.mp4,decode_or_hash_failed
E:\Downey cross-sucking videos 2024\Group 1 Day 1\._N884A6_ch8_main_20240706153002_20240706160002.mp4,decode_or_hash_failed
E:\Downey cross-sucking videos 2024\Group 1 Day 1\._N884A6_ch8_main_20240706160002_20240706163002.mp4,decode_or_hash_failed
E:\Downey cross-sucking videos 2024\Group 1 Day 1\._N884A6_ch8_main_20240706163002_20240706170002.mp4,decode_or_hash_failed
E:\Downey cross-sucking videos 2024\Group 1 Day 1\._N884A6_ch8_main_20240706170002_20240706173002.mp4,decode_or_hash_failed
E:\Downey cross-sucking videos 2024\Group 1 Day 1\._N884A6_ch8_main_20240706173002_20240706180002.mp4,decode_or_hash_failed
E:\Downey cross-sucking videos 2024\Group 1 Day 1\._N884A6_ch8_main_20240706180002_20240706183002.mp4,decode_or_hash_failed
E:\Downey cross-sucking videos 2024\Group 1 Day 1\._N884A6_ch8_main_20240706183002_20240706190002.mp4,decode_or_hash_failed
E:\Downey cross-sucking videos 2024\Group 1 Day 1\._N884A6_ch8_main_20240706190002_20240706193002.mp4,decode_or_hash_failed
E:\Downey cross-sucking videos 2024\Group 1 Day 1\._N884A6_ch8_main_20240706193002_20240706200002.mp4,decode_or_hash_failed
E:\Downey cross-sucking videos 2024\Group 1 Day 1\._N884A6_ch8_main_20240706200002_20240706203002.mp4,decode_or_hash_failed
E:\Downey cross-sucking videos 2024\Group 1 Day 1\._N884A6_ch8_main_20240706203002_20240706210002.mp4,decode_or_hash_failed
E:\Downey cross-sucking videos 2024\Group 1 Day 1\._N884A6_ch8_main_20240706210002_20240706213002.mp4,decode_or_hash_failed
E:\Downey cross-sucking videos 2024\Group 1 Day 1\._N884A6_ch8_main_20240706213002_20240706220002.mp4,decode_or_hash_failed
E:\Downey cross-sucking videos 2024\Group 1 Day 1\._N884A6_ch8_main_20240706220002_20240706223002.mp4,decode_or_hash_failed
E:\Downey cross-sucking videos 2024\Group 1 Day 1\._N884A6_ch8_main_20240706223002_20240706230002.mp4,decode_or_hash_failed
E:\Downey cross-sucking videos 2024\Group 1 Day 1\._N884A6_ch8_main_20240706230002_20240706233002.mp4,decode_or_hash_failed
E:\Downey cross-sucking videos 2024\Group 1 Day 1\._N884A6_ch8_main_20240706233002_20240707000000.mp4,decode_or_hash_failed
E:\Downey cross-sucking videos 2024\Group 1 Day 1\._N884A6_ch8_main_20240707000000_20240707003002.mp4,decode_or_hash_failed
E:\Downey cross-sucking videos 2024\Group 1 Day 1\._N884A6_ch8_main_20240707003002_20240707010002.mp4,decode_or_hash_failed
E:\Downey cross-sucking videos 2024\Group 1 Day 1\._N884A6_ch8_main_20240707010002_20240707013002.mp4,decode_or_hash_failed
E:\Downey cross-sucking videos 2024\Group 1 Day 1\._N884A6_ch8_main_20240707013002_20240707020002.mp4,decode_or_hash_failed
E:\Downey cross-sucking videos 2024\Group 1 Day 1\._N884A6_ch8_main_20240707020002_20240707023002.mp4,decode_or_hash_failed
E:\Downey cross-sucking videos 2024\Group 1 Day 1\._N884A6_ch8_main_20240707023002_20240707030002.mp4,decode_or_hash_failed
E:\Downey cross-sucking videos 2024\Group 1 Day 1\._N884A6_ch8_main_20240707030002_20240707033002.mp4,decode_or_hash_failed
E:\Downey cross-sucking videos 2024\Group 1 Day 1\._N884A6_ch8_main_20240707033002_20240707040002.mp4,decode_or_hash_failed
E:\Downey cross-sucking videos 2024\Group 1 Day 1\._N884A6_ch8_main_20240707040002_20240707043002.mp4,decode_or_hash_failed
E:\Downey cross-sucking videos 2024\Group 1 Day 1\._N884A6_ch8_main_20240707043002_20240707050001.mp4,decode_or_hash_failed
E:\Downey cross-sucking videos 2024\Group 1 Day 1\._N884A6_ch9_main_20240706043000_20240706050003.mp4,decode_or_hash_failed
E:\Downey cross-sucking videos 2024\Group 1 Day 1\._N884A6_ch9_main_20240706050003_20240706053003.mp4,decode_or_hash_failed
E:\Downey cross-sucking videos 2024\Group 1 Day 1\._N884A6_ch9_main_20240706053003_20240706060003.mp4,decode_or_hash_failed
E:\Downey cross-sucking videos 2024\Group 1 Day 1\._N884A6_ch9_main_20240706060003_20240706063003.mp4,decode_or_hash_failed
E:\Downey cross-sucking videos 2024\Group 1 Day 1\._N884A6_ch9_main_20240706063003_20240706070003.mp4,decode_or_hash_failed
E:\Downey cross-sucking videos 2024\Group 1 Day 1\._N884A6_ch9_main_20240706070003_20240706073003.mp4,decode_or_hash_failed
E:\Downey cross-sucking videos 2024\Group 1 Day 1\._N884A6_ch9_main_20240706073003_20240706080003.mp4,decode_or_hash_failed
E:\Downey cross-sucking videos 2024\Group 1 Day 1\._N884A6_ch9_main_20240706080003_20240706083003.mp4,decode_or_hash_failed
E:\Downey cross-sucking videos 2024\Group 1 Day 1\._N884A6_ch9_main_20240706083003_20240706090003.mp4,decode_or_hash_failed
E:\Downey cross-sucking videos 2024\Group 1 Day 1\._N884A6_ch9_main_20240706090003_20240706093003.mp4,decode_or_hash_failed
E:\Downey cross-sucking videos 2024\Group 1 Day 1\._N884A6_ch9_main_20240706093003_20240706100003.mp4,decode_or_hash_failed
E:\Downey cross-sucking videos 2024\Group 1 Day 1\._N884A6_ch9_main_20240706100003_20240706103003.mp4,decode_or_hash_failed
E:\Downey cross-sucking videos 2024\Group 1 Day 1\._N884A6_ch9_main_20240706103003_20240706110003.mp4,decode_or_hash_failed
E:\Downey cross-sucking videos 2024\Group 1 Day 1\._N884A6_ch9_main_20240706110003_20240706113004.mp4,decode_or_hash_failed
E:\Downey cross-sucking videos 2024\Group 1 Day 1\._N884A6_ch9_main_20240706113004_20240706120003.mp4,decode_or_hash_failed
E:\Downey cross-sucking videos 2024\Group 1 Day 1\._N884A6_ch9_main_20240706120003_20240706123003.mp4,decode_or_hash_failed
E:\Downey cross-sucking videos 2024\Group 1 Day 1\._N884A6_ch9_main_20240706123003_20240706130003.mp4,decode_or_hash_failed
E:\Downey cross-sucking videos 2024\Group 1 Day 1\._N884A6_ch9_main_20240706130003_20240706133003.mp4,decode_or_hash_failed
E:\Downey cross-sucking videos 2024\Group 1 Day 1\._N884A6_ch9_main_20240706133003_20240706140003.mp4,decode_or_hash_failed
E:\Downey cross-sucking videos 2024\Group 1 Day 1\._N884A6_ch9_main_20240706140003_20240706143003.mp4,decode_or_hash_failed
E:\Downey cross-sucking videos 2024\Group 1 Day 1\._N884A6_ch9_main_20240706143003_20240706150003.mp4,decode_or_hash_failed
E:\Downey cross-sucking videos 2024\Group 1 Day 1\._N884A6_ch9_main_20240706150003_20240706153003.mp4,decode_or_hash_failed
E:\Downey cross-sucking videos 2024\Group 1 Day 1\._N884A6_ch9_main_20240706153003_20240706160003.mp4,decode_or_hash_failed
E:\Downey cross-sucking videos 2024\Group 1 Day 1\._N884A6_ch9_main_20240706160003_20240706163003.mp4,decode_or_hash_failed
E:\Downey cross-sucking videos 2024\Group 1 Day 1\._N884A6_ch9_main_20240706163003_20240706170003.mp4,decode_or_hash_failed
E:\Downey cross-sucking videos 2024\Group 1 Day 1\._N884A6_ch9_main_20240706170003_20240706173003.mp4,decode_or_hash_failed
E:\Downey cross-sucking videos 2024\Group 1 Day 1\._N884A6_ch9_main_20240706173003_20240706180003.mp4,decode_or_hash_failed
E:\Downey cross-sucking videos 2024\Group 1 Day 1\._N884A6_ch9_main_20240706180003_20240706183003.mp4,decode_or_hash_failed
E:\Downey cross-sucking videos 2024\Group 1 Day 1\._N884A6_ch9_main_20240706183003_20240706190003.mp4,decode_or_hash_failed
E:\Downey cross-sucking videos 2024\Group 1 Day 1\._N884A6_ch9_main_20240706190003_20240706193003.mp4,decode_or_hash_failed
E:\Downey cross-sucking videos 2024\Group 1 Day 1\._N884A6_ch9_main_20240706193003_20240706200003.mp4,decode_or_hash_failed
E:\Downey cross-sucking videos 2024\Group 1 Day 1\._N884A6_ch9_main_20240706200003_20240706203003.mp4,decode_or_hash_failed
E:\Downey cross-sucking videos 2024\Group 1 Day 1\._N884A6_ch9_main_20240706203003_20240706210003.mp4,decode_or_hash_failed
E:\Downey cross-sucking videos 2024\Group 1 Day 1\._N884A6_ch9_main_20240706210003_20240706213003.mp4,decode_or_hash_failed
E:\Downey cross-sucking videos 2024\Group 1 Day 1\._N884A6_ch9_main_20240706213003_20240706220003.mp4,decode_or_hash_failed
E:\Downey cross-sucking videos 2024\Group 1 Day 1\._N884A6_ch9_main_20240706220003_20240706223003.mp4,decode_or_hash_failed
E:\Downey cross-sucking videos 2024\Group 1 Day 1\._N884A6_ch9_main_20240706223003_20240706230003.mp4,decode_or_hash_failed
E:\Downey cross-sucking videos 2024\Group 1 Day 1\._N884A6_ch9_main_20240706230003_20240706233003.mp4,decode_or_hash_failed
E:\Downey cross-sucking videos 2024\Group 1 Day 1\._N884A6_ch9_main_20240706233003_20240707000000.mp4,decode_or_hash_failed
E:\Downey cross-sucking videos 2024\Group 1 Day 1\._N884A6_ch9_main_20240707000000_20240707003003.mp4,decode_or_hash_failed
E:\Downey cross-sucking videos 2024\Group 1 Day 1\._N884A6_ch9_main_20240707003003_20240707010003.mp4,decode_or_hash_failed
E:\Downey cross-sucking videos 2024\Group 1 Day 1\._N884A6_ch9_main_20240707010003_20240707013003.mp4,decode_or_hash_failed
E:\Downey cross-sucking videos 2024\Group 1 Day 1\._N884A6_ch9_main_20240707013003_20240707020003.mp4,decode_or_hash_failed
E:\Downey cross-sucking videos 2024\Group 1 Day 1\._N884A6_ch9_main_20240707020003_20240707023003.mp4,decode_or_hash_failed
E:\Downey cross-sucking videos 2024\Group 1 Day 1\._N884A6_ch9_main_20240707023003_20240707030003.mp4,decode_or_hash_failed
E:\Downey cross-sucking videos 2024\Group 1 Day 1\._N884A6_ch9_main_20240707030003_20240707033003.mp4,decode_or_hash_failed
E:\Downey cross-sucking videos 2024\Group 1 Day 1\._N884A6_ch9_main_20240707033003_20240707040003.mp4,decode_or_hash_failed
E:\Downey cross-sucking videos 2024\Group 1 Day 1\._N884A6_ch9_main_20240707040003_20240707043003.mp4,decode_or_hash_failed
E:\Downey cross-sucking videos 2024\Group 1 Day 1\._N884A6_ch9_main_20240707043003_20240707050002.mp4,decode_or_hash_failed
E:\Downey cross-sucking videos 2024\Group 1 Day 1\._N884A6_ch10_main_20240706043000_20240706050004.mp4,decode_or_hash_failed
E:\Downey cross-sucking videos 2024\Group 1 Day 1\._N884A6_ch10_main_20240706050004_20240706053004.mp4,decode_or_hash_failed
E:\Downey cross-sucking videos 2024\Group 1 Day 1\._N884A6_ch10_main_20240706053004_20240706060004.mp4,decode_or_hash_failed
E:\Downey cross-sucking videos 2024\Group 1 Day 1\._N884A6_ch10_main_20240706060004_20240706063004.mp4,decode_or_hash_failed
E:\Downey cross-sucking videos 2024\Group 1 Day 1\._N884A6_ch10_main_20240706063004_20240706070004.mp4,decode_or_hash_failed
E:\Downey cross-sucking videos 2024\Group 1 Day 1\._N884A6_ch10_main_20240706070004_20240706073004.mp4,decode_or_hash_failed
E:\Downey cross-sucking videos 2024\Group 1 Day 1\._N884A6_ch10_main_20240706073004_20240706080004.mp4,decode_or_hash_failed
E:\Downey cross-sucking videos 2024\Group 1 Day 1\._N884A6_ch10_main_20240706080004_20240706083004.mp4,decode_or_hash_failed
E:\Downey cross-sucking videos 2024\Group 1 Day 1\._N884A6_ch10_main_20240706083004_20240706090004.mp4,decode_or_hash_failed
E:\Downey cross-sucking videos 2024\Group 1 Day 1\._N884A6_ch10_main_20240706090004_20240706093004.mp4,decode_or_hash_failed
E:\Downey cross-sucking videos 2024\Group 1 Day 1\._N884A6_ch10_main_20240706093004_20240706100004.mp4,decode_or_hash_failed
E:\Downey cross-sucking videos 2024\Group 1 Day 1\._N884A6_ch10_main_20240706100004_20240706103004.mp4,decode_or_hash_failed
E:\Downey cross-sucking videos 2024\Group 1 Day 1\._N884A6_ch10_main_20240706103004_20240706110004.mp4,decode_or_hash_failed
E:\Downey cross-sucking videos 2024\Group 1 Day 1\._N884A6_ch10_main_20240706110004_20240706113005.mp4,decode_or_hash_failed
E:\Downey cross-sucking videos 2024\Group 1 Day 1\._N884A6_ch10_main_20240706113005_20240706120004.mp4,decode_or_hash_failed
E:\Downey cross-sucking videos 2024\Group 1 Day 1\._N884A6_ch10_main_20240706120004_20240706123004.mp4,decode_or_hash_failed
E:\Downey cross-sucking videos 2024\Group 1 Day 1\._N884A6_ch10_main_20240706123004_20240706130004.mp4,decode_or_hash_failed
E:\Downey cross-sucking videos 2024\Group 1 Day 1\._N884A6_ch10_main_20240706130004_20240706133004.mp4,decode_or_hash_failed
E:\Downey cross-sucking videos 2024\Group 1 Day 1\._N884A6_ch10_main_20240706133004_20240706140004.mp4,decode_or_hash_failed
E:\Downey cross-sucking videos 2024\Group 1 Day 1\._N884A6_ch10_main_20240706140004_20240706143004.mp4,decode_or_hash_failed
E:\Downey cross-sucking videos 2024\Group 1 Day 1\._N884A6_ch10_main_20240706143004_20240706150004.mp4,decode_or_hash_failed
E:\Downey cross-sucking videos 2024\Group 1 Day 1\._N884A6_ch10_main_20240706150004_20240706153004.mp4,decode_or_hash_failed
E:\Downey cross-sucking videos 2024\Group 1 Day 1\._N884A6_ch10_main_20240706153004_20240706160004.mp4,decode_or_hash_failed
E:\Downey cross-sucking videos 2024\Group 1 Day 1\._N884A6_ch10_main_20240706160004_20240706163004.mp4,decode_or_hash_failed
E:\Downey cross-sucking videos 2024\Group 1 Day 1\._N884A6_ch10_main_20240706163004_20240706170004.mp4,decode_or_hash_failed
E:\Downey cross-sucking videos 2024\Group 1 Day 1\._N884A6_ch10_main_20240706170004_20240706173004.mp4,decode_or_hash_failed
E:\Downey cross-sucking videos 2024\Group 1 Day 1\._N884A6_ch10_main_20240706173004_20240706180004.mp4,decode_or_hash_failed
E:\Downey cross-sucking videos 2024\Group 1 Day 1\._N884A6_ch10_main_20240706180004_20240706183004.mp4,decode_or_hash_failed
E:\Downey cross-sucking videos 2024\Group 1 Day 1\._N884A6_ch10_main_20240706183004_20240706190004.mp4,decode_or_hash_failed
E:\Downey cross-sucking videos 2024\Group 1 Day 1\._N884A6_ch10_main_20240706190004_20240706193004.mp4,decode_or_hash_failed
E:\Downey cross-sucking videos 2024\Group 1 Day 1\._N884A6_ch10_main_20240706193004_20240706200004.mp4,decode_or_hash_failed
E:\Downey cross-sucking videos 2024\Group 1 Day 1\._N884A6_ch10_main_20240706200004_20240706203004.mp4,decode_or_hash_failed
E:\Downey cross-sucking videos 2024\Group 1 Day 1\._N884A6_ch10_main_20240706203004_20240706210004.mp4,decode_or_hash_failed
E:\Downey cross-sucking videos 2024\Group 1 Day 1\._N884A6_ch10_main_20240706210004_20240706213004.mp4,decode_or_hash_failed
E:\Downey cross-sucking videos 2024\Group 1 Day 1\._N884A6_ch10_main_20240706213004_20240706220004.mp4,decode_or_hash_failed
E:\Downey cross-sucking videos 2024\Group 1 Day 1\._N884A6_ch10_main_20240706220004_20240706223004.mp4,decode_or_hash_failed
E:\Downey cross-sucking videos 2024\Group 1 Day 1\._N884A6_ch10_main_20240706223004_20240706230004.mp4,decode_or_hash_failed
E:\Downey cross-sucking videos 2024\Group 1 Day 1\._N884A6_ch10_main_20240706230004_20240706233004.mp4,decode_or_hash_failed
E:\Downey cross-sucking videos 2024\Group 1 Day 1\._N884A6_ch10_main_20240706233004_20240707000000.mp4,decode_or_hash_failed
E:\Downey cross-sucking videos 2024\Group 1 Day 1\._N884A6_ch10_main_20240707000000_20240707003004.mp4,decode_or_hash_failed
E:\Downey cross-sucking videos 2024\Group 1 Day 1\._N884A6_ch10_main_20240707003004_20240707010004.mp4,decode_or_hash_failed
E:\Downey cross-sucking videos 2024\Group 1 Day 1\._N884A6_ch10_main_20240707010004_20240707013004.mp4,decode_or_hash_failed
E:\Downey cross-sucking videos 2024\Group 1 Day 1\._N884A6_ch10_main_20240707013004_20240707020004.mp4,decode_or_hash_failed
E:\Downey cross-sucking videos 2024\Group 1 Day 1\._N884A6_ch10_main_20240707020004_20240707023004.mp4,decode_or_hash_failed
E:\Downey cross-sucking videos 2024\Group 1 Day 1\._N884A6_ch10_main_20240707023004_20240707030004.mp4,decode_or_hash_failed
E:\Downey cross-sucking videos 2024\Group 1 Day 1\._N884A6_ch10_main_20240707030004_20240707033004.mp4,decode_or_hash_failed
E:\Downey cross-sucking videos 2024\Group 1 Day 1\._N884A6_ch10_main_20240707033004_20240707040004.mp4,decode_or_hash_failed
E:\Downey cross-sucking videos 2024\Group 1 Day 1\._N884A6_ch10_main_20240707040004_20240707043004.mp4,decode_or_hash_failed
E:\Downey cross-sucking videos 2024\Group 1 Day 1\._N884A6_ch10_main_20240707043004_20240707050003.mp4,decode_or_hash_failed
E:\Downey cross-sucking videos 2024\Group 1 Day 1\Cam 7\._N884A6_ch7_main_20240706050001_20240706053001.mp4,decode_or_hash_failed
E:\Downey cross-sucking videos 2024\Group 1 Day 1\Cam 8\._N884A6_ch8_main_20240706120002_20240706123002.mp4,decode_or_hash_failed
E:\Downey cross-sucking videos 2024\Group 1 Day 1\Cam 9\._N884A6_ch9_main_20240706203003_20240706210003.mp4,decode_or_hash_failed
E:\Downey cross-sucking videos 2024\Group 1 Day 1\Cam 9\._N884A6_ch9_main_20240706093003_20240706100003.mp4,decode_or_hash_failed
E:\Downey cross-sucking videos 2024\Group 1 Day 1\Cam 9\._N884A6_ch9_main_20240706060003_20240706063003.mp4,decode_or_hash_failed
E:\Downey cross-sucking videos 2024\Group 1 Day 1\Cam 9\._N884A6_ch9_main_20240706110003_20240706113004.mp4,decode_or_hash_failed
E:\Downey cross-sucking videos 2024\Group 1 Day 1\Cam 9\._N884A6_ch9_main_20240706120003_20240706123003.mp4,decode_or_hash_failed
E:\Downey cross-sucking videos 2024\Group 1 Day 1\Cam 9\._N884A6_ch9_main_20240706150003_20240706153003.mp4,decode_or_hash_failed
E:\Downey cross-sucking videos 2024\Group 1 Day 1\Cam 9\._N884A6_ch9_main_20240706113004_20240706120003.mp4,decode_or_hash_failed
E:\Downey cross-sucking videos 2024\Group 1 Day 1\Cam 10\._N884A6_ch10_main_20240706130004_20240706133004.mp4,decode_or_hash_failed
E:\Downey cross-sucking videos 2024\Group 1 Day 4\._N884A6_ch7_main_20240709050000_20240709053000.mp4,decode_or_hash_failed
E:\Downey cross-sucking videos 2024\Group 1 Day 4\._N884A6_ch7_main_20240709053000_20240709060000.mp4,decode_or_hash_failed
E:\Downey cross-sucking videos 2024\Group 1 Day 4\._N884A6_ch7_main_20240709060000_20240709063000.mp4,decode_or_hash_failed
E:\Downey cross-sucking videos 2024\Group 1 Day 4\._N884A6_ch7_main_20240709063000_20240709070000.mp4,decode_or_hash_failed
E:\Downey cross-sucking videos 2024\Group 1 Day 4\._N884A6_ch7_main_20240709070000_20240709073000.mp4,decode_or_hash_failed
E:\Downey cross-sucking videos 2024\Group 1 Day 4\._N884A6_ch7_main_20240709073000_20240709080000.mp4,decode_or_hash_failed
E:\Downey cross-sucking videos 2024\Group 1 Day 4\._N884A6_ch7_main_20240709080000_20240709083000.mp4,decode_or_hash_failed
E:\Downey cross-sucking videos 2024\Group 1 Day 4\._N884A6_ch7_main_20240709083000_20240709090000.mp4,decode_or_hash_failed
E:\Downey cross-sucking videos 2024\Group 1 Day 4\._N884A6_ch7_main_20240709090000_20240709093000.mp4,decode_or_hash_failed
E:\Downey cross-sucking videos 2024\Group 1 Day 4\._N884A6_ch7_main_20240709093000_20240709100000.mp4,decode_or_hash_failed
E:\Downey cross-sucking videos 2024\Group 1 Day 4\._N884A6_ch7_main_20240709100000_20240709103000.mp4,decode_or_hash_failed
E:\Downey cross-sucking videos 2024\Group 1 Day 4\._N884A6_ch7_main_20240709103000_20240709110000.mp4,decode_or_hash_failed
E:\Downey cross-sucking videos 2024\Group 1 Day 4\._N884A6_ch7_main_20240709110000_20240709113000.mp4,decode_or_hash_failed
E:\Downey cross-sucking videos 2024\Group 1 Day 4\._N884A6_ch7_main_20240709113000_20240709120000.mp4,decode_or_hash_failed
E:\Downey cross-sucking videos 2024\Group 1 Day 4\._N884A6_ch7_main_20240709120000_20240709123000.mp4,decode_or_hash_failed
E:\Downey cross-sucking videos 2024\Group 1 Day 4\._N884A6_ch7_main_20240709123000_20240709130000.mp4,decode_or_hash_failed
E:\Downey cross-sucking videos 2024\Group 1 Day 4\._N884A6_ch7_main_20240709130000_20240709133000.mp4,decode_or_hash_failed
E:\Downey cross-sucking videos 2024\Group 1 Day 4\._N884A6_ch7_main_20240709133000_20240709140000.mp4,decode_or_hash_failed
E:\Downey cross-sucking videos 2024\Group 1 Day 4\._N884A6_ch7_main_20240709140000_20240709143000.mp4,decode_or_hash_failed
E:\Downey cross-sucking videos 2024\Group 1 Day 4\._N884A6_ch7_main_20240709143000_20240709150000.mp4,decode_or_hash_failed
E:\Downey cross-sucking videos 2024\Group 1 Day 4\._N884A6_ch7_main_20240709150000_20240709153000.mp4,decode_or_hash_failed
E:\Downey cross-sucking videos 2024\Group 1 Day 4\._N884A6_ch7_main_20240709153000_20240709160000.mp4,decode_or_hash_failed
E:\Downey cross-sucking videos 2024\Group 1 Day 4\._N884A6_ch7_main_20240709160000_20240709163000.mp4,decode_or_hash_failed
E:\Downey cross-sucking videos 2024\Group 1 Day 4\._N884A6_ch7_main_20240709163000_20240709170000.mp4,decode_or_hash_failed
E:\Downey cross-sucking videos 2024\Group 1 Day 4\._N884A6_ch7_main_20240709170000_20240709173000.mp4,decode_or_hash_failed
E:\Downey cross-sucking videos 2024\Group 1 Day 4\._N884A6_ch7_main_20240709173000_20240709180000.mp4,decode_or_hash_failed
E:\Downey cross-sucking videos 2024\Group 1 Day 4\._N884A6_ch7_main_20240709180000_20240709183000.mp4,decode_or_hash_failed
E:\Downey cross-sucking videos 2024\Group 1 Day 4\._N884A6_ch7_main_20240709183000_20240709190000.mp4,decode_or_hash_failed
E:\Downey cross-sucking videos 2024\Group 1 Day 4\._N884A6_ch7_main_20240709190000_20240709193000.mp4,decode_or_hash_failed
E:\Downey cross-sucking videos 2024\Group 1 Day 4\._N884A6_ch7_main_20240709193000_20240709200000.mp4,decode_or_hash_failed
E:\Downey cross-sucking videos 2024\Group 1 Day 4\._N884A6_ch7_main_20240709200000_20240709203000.mp4,decode_or_hash_failed
E:\Downey cross-sucking videos 2024\Group 1 Day 4\._N884A6_ch7_main_20240709203000_20240709210000.mp4,decode_or_hash_failed
E:\Downey cross-sucking videos 2024\Group 1 Day 4\._N884A6_ch7_main_20240709210000_20240709213000.mp4,decode_or_hash_failed
E:\Downey cross-sucking videos 2024\Group 1 Day 4\._N884A6_ch7_main_20240709213000_20240709220000.mp4,decode_or_hash_failed
E:\Downey cross-sucking videos 2024\Group 1 Day 4\._N884A6_ch7_main_20240709220000_20240709223000.mp4,decode_or_hash_failed
E:\Downey cross-sucking videos 2024\Group 1 Day 4\._N884A6_ch7_main_20240709223000_20240709230000.mp4,decode_or_hash_failed
E:\Downey cross-sucking videos 2024\Group 1 Day 4\._N884A6_ch7_main_20240709230000_20240709233000.mp4,decode_or_hash_failed
E:\Downey cross-sucking videos 2024\Group 1 Day 4\._N884A6_ch7_main_20240709233000_20240710000000.mp4,decode_or_hash_failed
E:\Downey cross-sucking videos 2024\Group 1 Day 4\._N884A6_ch7_main_20240710000000_20240710003000.mp4,decode_or_hash_failed
E:\Downey cross-sucking videos 2024\Group 1 Day 4\._N884A6_ch7_main_20240710003000_20240710010000.mp4,decode_or_hash_failed
E:\Downey cross-sucking videos 2024\Group 1 Day 4\._N884A6_ch7_main_20240710010000_20240710013000.mp4,decode_or_hash_failed
E:\Downey cross-sucking videos 2024\Group 1 Day 4\._N884A6_ch7_main_20240710013000_20240710020000.mp4,decode_or_hash_failed
E:\Downey cross-sucking videos 2024\Group 1 Day 4\._N884A6_ch7_main_20240710020000_20240710023000.mp4,decode_or_hash_failed
E:\Downey cross-sucking videos 2024\Group 1 Day 4\._N884A6_ch7_main_20240710023000_20240710030000.mp4,decode_or_hash_failed
E:\Downey cross-sucking videos 2024\Group 1 Day 4\._N884A6_ch7_main_20240710030000_20240710033000.mp4,decode_or_hash_failed
E:\Downey cross-sucking videos 2024\Group 1 Day 4\._N884A6_ch7_main_20240710033000_20240710040000.mp4,decode_or_hash_failed
E:\Downey cross-sucking videos 2024\Group 1 Day 4\._N884A6_ch7_main_20240710040000_20240710043000.mp4,decode_or_hash_failed
E:\Downey cross-sucking videos 2024\Group 1 Day 4\._N884A6_ch7_main_20240710043000_20240710050000.mp4,decode_or_hash_failed
E:\Downey cross-sucking videos 2024\Group 1 Day 4\._N884A6_ch8_main_20240709050001_20240709053001.mp4,decode_or_hash_failed
E:\Downey cross-sucking videos 2024\Group 1 Day 4\._N884A6_ch8_main_20240709053001_20240709060001.mp4,decode_or_hash_failed
E:\Downey cross-sucking videos 2024\Group 1 Day 4\._N884A6_ch8_main_20240709060001_20240709063001.mp4,decode_or_hash_failed
E:\Downey cross-sucking videos 2024\Group 1 Day 4\._N884A6_ch8_main_20240709063001_20240709070001.mp4,decode_or_hash_failed
E:\Downey cross-sucking videos 2024\Group 1 Day 4\._N884A6_ch8_main_20240709070001_20240709073001.mp4,decode_or_hash_failed
E:\Downey cross-sucking videos 2024\Group 1 Day 4\._N884A6_ch8_main_20240709073001_20240709080001.mp4,decode_or_hash_failed
E:\Downey cross-sucking videos 2024\Group 1 Day 4\._N884A6_ch8_main_20240709080001_20240709083001.mp4,decode_or_hash_failed
E:\Downey cross-sucking videos 2024\Group 1 Day 4\._N884A6_ch8_main_20240709083001_20240709090001.mp4,decode_or_hash_failed
E:\Downey cross-sucking videos 2024\Group 1 Day 4\._N884A6_ch8_main_20240709090001_20240709093001.mp4,decode_or_hash_failed
E:\Downey cross-sucking videos 2024\Group 1 Day 4\._N884A6_ch8_main_20240709093001_20240709100001.mp4,decode_or_hash_failed
E:\Downey cross-sucking videos 2024\Group 1 Day 4\._N884A6_ch8_main_20240709100001_20240709103001.mp4,decode_or_hash_failed
E:\Downey cross-sucking videos 2024\Group 1 Day 4\._N884A6_ch8_main_20240709103001_20240709110001.mp4,decode_or_hash_failed
E:\Downey cross-sucking videos 2024\Group 1 Day 4\._N884A6_ch8_main_20240709110001_20240709113001.mp4,decode_or_hash_failed
E:\Downey cross-sucking videos 2024\Group 1 Day 4\._N884A6_ch8_main_20240709113001_20240709120001.mp4,decode_or_hash_failed
E:\Downey cross-sucking videos 2024\Group 1 Day 4\._N884A6_ch8_main_20240709120001_20240709123001.mp4,decode_or_hash_failed
E:\Downey cross-sucking videos 2024\Group 1 Day 4\._N884A6_ch8_main_20240709123001_20240709130001.mp4,decode_or_hash_failed
E:\Downey cross-sucking videos 2024\Group 1 Day 4\._N884A6_ch8_main_20240709130001_20240709133001.mp4,decode_or_hash_failed
E:\Downey cross-sucking videos 2024\Group 1 Day 4\._N884A6_ch8_main_20240709133001_20240709140001.mp4,decode_or_hash_failed
E:\Downey cross-sucking videos 2024\Group 1 Day 4\._N884A6_ch8_main_20240709140001_20240709143001.mp4,decode_or_hash_failed
E:\Downey cross-sucking videos 2024\Group 1 Day 4\._N884A6_ch8_main_20240709143001_20240709150001.mp4,decode_or_hash_failed
E:\Downey cross-sucking videos 2024\Group 1 Day 4\._N884A6_ch8_main_20240709150001_20240709153001.mp4,decode_or_hash_failed
E:\Downey cross-sucking videos 2024\Group 1 Day 4\._N884A6_ch8_main_20240709153001_20240709160001.mp4,decode_or_hash_failed
E:\Downey cross-sucking videos 2024\Group 1 Day 4\._N884A6_ch8_main_20240709160001_20240709163001.mp4,decode_or_hash_failed
E:\Downey cross-sucking videos 2024\Group 1 Day 4\._N884A6_ch8_main_20240709163001_20240709170001.mp4,decode_or_hash_failed
E:\Downey cross-sucking videos 2024\Group 1 Day 4\._N884A6_ch8_main_20240709170001_20240709173001.mp4,decode_or_hash_failed
E:\Downey cross-sucking videos 2024\Group 1 Day 4\._N884A6_ch8_main_20240709173001_20240709180001.mp4,decode_or_hash_failed
E:\Downey cross-sucking videos 2024\Group 1 Day 4\._N884A6_ch8_main_20240709180001_20240709183001.mp4,decode_or_hash_failed
E:\Downey cross-sucking videos 2024\Group 1 Day 4\._N884A6_ch8_main_20240709183001_20240709190001.mp4,decode_or_hash_failed
E:\Downey cross-sucking videos 2024\Group 1 Day 4\._N884A6_ch8_main_20240709190001_20240709193001.mp4,decode_or_hash_failed
E:\Downey cross-sucking videos 2024\Group 1 Day 4\._N884A6_ch8_main_20240709193001_20240709200001.mp4,decode_or_hash_failed
E:\Downey cross-sucking videos 2024\Group 1 Day 4\._N884A6_ch8_main_20240709200001_20240709203001.mp4,decode_or_hash_failed
E:\Downey cross-sucking videos 2024\Group 1 Day 4\._N884A6_ch8_main_20240709203001_20240709210001.mp4,decode_or_hash_failed
E:\Downey cross-sucking videos 2024\Group 1 Day 4\._N884A6_ch8_main_20240709210001_20240709213001.mp4,decode_or_hash_failed
E:\Downey cross-sucking videos 2024\Group 1 Day 4\._N884A6_ch8_main_20240709213001_20240709220001.mp4,decode_or_hash_failed
E:\Downey cross-sucking videos 2024\Group 1 Day 4\._N884A6_ch8_main_20240709220001_20240709223001.mp4,decode_or_hash_failed
E:\Downey cross-sucking videos 2024\Group 1 Day 4\._N884A6_ch8_main_20240709223001_20240709230001.mp4,decode_or_hash_failed
E:\Downey cross-sucking videos 2024\Group 1 Day 4\._N884A6_ch8_main_20240709230001_20240709233001.mp4,decode_or_hash_failed
E:\Downey cross-sucking videos 2024\Group 1 Day 4\._N884A6_ch8_main_20240709233001_20240710000000.mp4,decode_or_hash_failed
E:\Downey cross-sucking videos 2024\Group 1 Day 4\._N884A6_ch8_main_20240710000000_20240710003001.mp4,decode_or_hash_failed
E:\Downey cross-sucking videos 2024\Group 1 Day 4\._N884A6_ch8_main_20240710003001_20240710010001.mp4,decode_or_hash_failed
E:\Downey cross-sucking videos 2024\Group 1 Day 4\._N884A6_ch8_main_20240710010001_20240710013001.mp4,decode_or_hash_failed
E:\Downey cross-sucking videos 2024\Group 1 Day 4\._N884A6_ch8_main_20240710013001_20240710020001.mp4,decode_or_hash_failed
E:\Downey cross-sucking videos 2024\Group 1 Day 4\._N884A6_ch8_main_20240710020001_20240710023001.mp4,decode_or_hash_failed
E:\Downey cross-sucking videos 2024\Group 1 Day 4\._N884A6_ch8_main_20240710023001_20240710030001.mp4,decode_or_hash_failed
E:\Downey cross-sucking videos 2024\Group 1 Day 4\._N884A6_ch8_main_20240710030001_20240710033001.mp4,decode_or_hash_failed
E:\Downey cross-sucking videos 2024\Group 1 Day 4\._N884A6_ch8_main_20240710033001_20240710040001.mp4,decode_or_hash_failed
E:\Downey cross-sucking videos 2024\Group 1 Day 4\._N884A6_ch8_main_20240710040001_20240710043001.mp4,decode_or_hash_failed
E:\Downey cross-sucking videos 2024\Group 1 Day 4\._N884A6_ch8_main_20240710043001_20240710050001.mp4,decode_or_hash_failed
E:\Downey cross-sucking videos 2024\Group 1 Day 4\._N884A6_ch9_main_20240709050002_20240709053002.mp4,decode_or_hash_failed
E:\Downey cross-sucking videos 2024\Group 1 Day 4\._N884A6_ch9_main_20240709053002_20240709060002.mp4,decode_or_hash_failed
E:\Downey cross-sucking videos 2024\Group 1 Day 4\._N884A6_ch9_main_20240709060002_20240709063002.mp4,decode_or_hash_failed
E:\Downey cross-sucking videos 2024\Group 1 Day 4\._N884A6_ch9_main_20240709063002_20240709070002.mp4,decode_or_hash_failed
E:\Downey cross-sucking videos 2024\Group 1 Day 4\._N884A6_ch9_main_20240709070002_20240709073002.mp4,decode_or_hash_failed
E:\Downey cross-sucking videos 2024\Group 1 Day 4\._N884A6_ch9_main_20240709073002_20240709080002.mp4,decode_or_hash_failed
E:\Downey cross-sucking videos 2024\Group 1 Day 4\._N884A6_ch9_main_20240709080002_20240709083002.mp4,decode_or_hash_failed
E:\Downey cross-sucking videos 2024\Group 1 Day 4\._N884A6_ch9_main_20240709083002_20240709090002.mp4,decode_or_hash_failed
E:\Downey cross-sucking videos 2024\Group 1 Day 4\._N884A6_ch9_main_20240709090002_20240709093002.mp4,decode_or_hash_failed
E:\Downey cross-sucking videos 2024\Group 1 Day 4\._N884A6_ch9_main_20240709093002_20240709100002.mp4,decode_or_hash_failed
E:\Downey cross-sucking videos 2024\Group 1 Day 4\._N884A6_ch9_main_20240709100002_20240709103002.mp4,decode_or_hash_failed
E:\Downey cross-sucking videos 2024\Group 1 Day 4\._N884A6_ch9_main_20240709103002_20240709110002.mp4,decode_or_hash_failed
E:\Downey cross-sucking videos 2024\Group 1 Day 4\._N884A6_ch9_main_20240709110002_20240709113002.mp4,decode_or_hash_failed
E:\Downey cross-sucking videos 2024\Group 1 Day 4\._N884A6_ch9_main_20240709113002_20240709120002.mp4,decode_or_hash_failed
E:\Downey cross-sucking videos 2024\Group 1 Day 4\._N884A6_ch9_main_20240709120002_20240709123002.mp4,decode_or_hash_failed
E:\Downey cross-sucking videos 2024\Group 1 Day 4\._N884A6_ch9_main_20240709123002_20240709130002.mp4,decode_or_hash_failed
E:\Downey cross-sucking videos 2024\Group 1 Day 4\._N884A6_ch9_main_20240709130002_20240709133002.mp4,decode_or_hash_failed
E:\Downey cross-sucking videos 2024\Group 1 Day 4\._N884A6_ch9_main_20240709133002_20240709140002.mp4,decode_or_hash_failed
E:\Downey cross-sucking videos 2024\Group 1 Day 4\._N884A6_ch9_main_20240709140002_20240709143002.mp4,decode_or_hash_failed
E:\Downey cross-sucking videos 2024\Group 1 Day 4\._N884A6_ch9_main_20240709143002_20240709150002.mp4,decode_or_hash_failed
E:\Downey cross-sucking videos 2024\Group 1 Day 4\._N884A6_ch9_main_20240709150002_20240709153002.mp4,decode_or_hash_failed
E:\Downey cross-sucking videos 2024\Group 1 Day 4\._N884A6_ch9_main_20240709153002_20240709160002.mp4,decode_or_hash_failed
E:\Downey cross-sucking videos 2024\Group 1 Day 4\._N884A6_ch9_main_20240709160002_20240709163002.mp4,decode_or_hash_failed
E:\Downey cross-sucking videos 2024\Group 1 Day 4\._N884A6_ch9_main_20240709163002_20240709170002.mp4,decode_or_hash_failed
E:\Downey cross-sucking videos 2024\Group 1 Day 4\._N884A6_ch9_main_20240709170002_20240709173002.mp4,decode_or_hash_failed
E:\Downey cross-sucking videos 2024\Group 1 Day 4\._N884A6_ch9_main_20240709173002_20240709180002.mp4,decode_or_hash_failed
E:\Downey cross-sucking videos 2024\Group 1 Day 4\._N884A6_ch9_main_20240709180002_20240709183002.mp4,decode_or_hash_failed
E:\Downey cross-sucking videos 2024\Group 1 Day 4\._N884A6_ch9_main_20240709183002_20240709190002.mp4,decode_or_hash_failed
E:\Downey cross-sucking videos 2024\Group 1 Day 4\._N884A6_ch9_main_20240709190002_20240709193002.mp4,decode_or_hash_failed
E:\Downey cross-sucking videos 2024\Group 1 Day 4\._N884A6_ch9_main_20240709193002_20240709200002.mp4,decode_or_hash_failed
E:\Downey cross-sucking videos 2024\Group 1 Day 4\._N884A6_ch9_main_20240709200002_20240709203002.mp4,decode_or_hash_failed
E:\Downey cross-sucking videos 2024\Group 1 Day 4\._N884A6_ch9_main_20240709203002_20240709210002.mp4,decode_or_hash_failed
E:\Downey cross-sucking videos 2024\Group 1 Day 4\._N884A6_ch9_main_20240709210002_20240709213002.mp4,decode_or_hash_failed
E:\Downey cross-sucking videos 2024\Group 1 Day 4\._N884A6_ch9_main_20240709213002_20240709220002.mp4,decode_or_hash_failed
E:\Downey cross-sucking videos 2024\Group 1 Day 4\._N884A6_ch9_main_20240709220002_20240709223002.mp4,decode_or_hash_failed
E:\Downey cross-sucking videos 2024\Group 1 Day 4\._N884A6_ch9_main_20240709223002_20240709230002.mp4,decode_or_hash_failed
E:\Downey cross-sucking videos 2024\Group 1 Day 4\._N884A6_ch9_main_20240709230002_20240709233002.mp4,decode_or_hash_failed
E:\Downey cross-sucking videos 2024\Group 1 Day 4\._N884A6_ch9_main_20240709233002_20240710000000.mp4,decode_or_hash_failed
E:\Downey cross-sucking videos 2024\Group 1 Day 4\._N884A6_ch9_main_20240710000000_20240710003002.mp4,decode_or_hash_failed
E:\Downey cross-sucking videos 2024\Group 1 Day 4\._N884A6_ch9_main_20240710003002_20240710010002.mp4,decode_or_hash_failed
E:\Downey cross-sucking videos 2024\Group 1 Day 4\._N884A6_ch9_main_20240710010002_20240710013002.mp4,decode_or_hash_failed
E:\Downey cross-sucking videos 2024\Group 1 Day 4\._N884A6_ch9_main_20240710013002_20240710020002.mp4,decode_or_hash_failed
E:\Downey cross-sucking videos 2024\Group 1 Day 4\._N884A6_ch9_main_20240710020002_20240710023002.mp4,decode_or_hash_failed
E:\Downey cross-sucking videos 2024\Group 1 Day 4\._N884A6_ch9_main_20240710023002_20240710030002.mp4,decode_or_hash_failed
E:\Downey cross-sucking videos 2024\Group 1 Day 4\._N884A6_ch9_main_20240710030002_20240710033002.mp4,decode_or_hash_failed
E:\Downey cross-sucking videos 2024\Group 1 Day 4\._N884A6_ch9_main_20240710033002_20240710040002.mp4,decode_or_hash_failed
E:\Downey cross-sucking videos 2024\Group 1 Day 4\._N884A6_ch9_main_20240710040002_20240710043002.mp4,decode_or_hash_failed
E:\Downey cross-sucking videos 2024\Group 1 Day 4\._N884A6_ch9_main_20240710043002_20240710050002.mp4,decode_or_hash_failed
E:\Downey cross-sucking videos 2024\Group 1 Day 4\._N884A6_ch10_main_20240709050003_20240709053003.mp4,decode_or_hash_failed
E:\Downey cross-sucking videos 2024\Group 1 Day 4\._N884A6_ch10_main_20240709053003_20240709060003.mp4,decode_or_hash_failed
E:\Downey cross-sucking videos 2024\Group 1 Day 4\._N884A6_ch10_main_20240709060003_20240709063003.mp4,decode_or_hash_failed
E:\Downey cross-sucking videos 2024\Group 1 Day 4\._N884A6_ch10_main_20240709063003_20240709070003.mp4,decode_or_hash_failed
E:\Downey cross-sucking videos 2024\Group 1 Day 4\._N884A6_ch10_main_20240709070003_20240709073003.mp4,decode_or_hash_failed
E:\Downey cross-sucking videos 2024\Group 1 Day 4\._N884A6_ch10_main_20240709073003_20240709080003.mp4,decode_or_hash_failed
E:\Downey cross-sucking videos 2024\Group 1 Day 4\._N884A6_ch10_main_20240709080003_20240709083003.mp4,decode_or_hash_failed
E:\Downey cross-sucking videos 2024\Group 1 Day 4\._N884A6_ch10_main_20240709083003_20240709090003.mp4,decode_or_hash_failed
E:\Downey cross-sucking videos 2024\Group 1 Day 4\._N884A6_ch10_main_20240709090003_20240709093003.mp4,decode_or_hash_failed
E:\Downey cross-sucking videos 2024\Group 1 Day 4\._N884A6_ch10_main_20240709093003_20240709100003.mp4,decode_or_hash_failed
E:\Downey cross-sucking videos 2024\Group 1 Day 4\._N884A6_ch10_main_20240709100003_20240709103003.mp4,decode_or_hash_failed
E:\Downey cross-sucking videos 2024\Group 1 Day 4\._N884A6_ch10_main_20240709103003_20240709110003.mp4,decode_or_hash_failed
E:\Downey cross-sucking videos 2024\Group 1 Day 4\._N884A6_ch10_main_20240709110003_20240709113003.mp4,decode_or_hash_failed
E:\Downey cross-sucking videos 2024\Group 1 Day 4\._N884A6_ch10_main_20240709113003_20240709120003.mp4,decode_or_hash_failed
E:\Downey cross-sucking videos 2024\Group 1 Day 4\._N884A6_ch10_main_20240709120003_20240709123003.mp4,decode_or_hash_failed
E:\Downey cross-sucking videos 2024\Group 1 Day 4\._N884A6_ch10_main_20240709123003_20240709130003.mp4,decode_or_hash_failed
E:\Downey cross-sucking videos 2024\Group 1 Day 4\._N884A6_ch10_main_20240709130003_20240709133003.mp4,decode_or_hash_failed
E:\Downey cross-sucking videos 2024\Group 1 Day 4\._N884A6_ch10_main_20240709133003_20240709140003.mp4,decode_or_hash_failed
E:\Downey cross-sucking videos 2024\Group 1 Day 4\._N884A6_ch10_main_20240709140003_20240709143003.mp4,decode_or_hash_failed
E:\Downey cross-sucking videos 2024\Group 1 Day 4\._N884A6_ch10_main_20240709143003_20240709150003.mp4,decode_or_hash_failed
E:\Downey cross-sucking videos 2024\Group 1 Day 4\._N884A6_ch10_main_20240709150003_20240709153003.mp4,decode_or_hash_failed
E:\Downey cross-sucking videos 2024\Group 1 Day 4\._N884A6_ch10_main_20240709153003_20240709160003.mp4,decode_or_hash_failed
E:\Downey cross-sucking videos 2024\Group 1 Day 4\._N884A6_ch10_main_20240709160003_20240709163003.mp4,decode_or_hash_failed
E:\Downey cross-sucking videos 2024\Group 1 Day 4\._N884A6_ch10_main_20240709163003_20240709170003.mp4,decode_or_hash_failed
E:\Downey cross-sucking videos 2024\Group 1 Day 4\._N884A6_ch10_main_20240709170003_20240709173003.mp4,decode_or_hash_failed
E:\Downey cross-sucking videos 2024\Group 1 Day 4\._N884A6_ch10_main_20240709173003_20240709180003.mp4,decode_or_hash_failed
E:\Downey cross-sucking videos 2024\Group 1 Day 4\._N884A6_ch10_main_20240709180003_20240709183003.mp4,decode_or_hash_failed
E:\Downey cross-sucking videos 2024\Group 1 Day 4\._N884A6_ch10_main_20240709183003_20240709190003.mp4,decode_or_hash_failed
E:\Downey cross-sucking videos 2024\Group 1 Day 4\._N884A6_ch10_main_20240709190003_20240709193003.mp4,decode_or_hash_failed
E:\Downey cross-sucking videos 2024\Group 1 Day 4\._N884A6_ch10_main_20240709193003_20240709200003.mp4,decode_or_hash_failed
E:\Downey cross-sucking videos 2024\Group 1 Day 4\._N884A6_ch10_main_20240709200003_20240709203003.mp4,decode_or_hash_failed
E:\Downey cross-sucking videos 2024\Group 1 Day 4\._N884A6_ch10_main_20240709203003_20240709210003.mp4,decode_or_hash_failed
E:\Downey cross-sucking videos 2024\Group 1 Day 4\._N884A6_ch10_main_20240709210003_20240709213003.mp4,decode_or_hash_failed
E:\Downey cross-sucking videos 2024\Group 1 Day 4\._N884A6_ch10_main_20240709213003_20240709220003.mp4,decode_or_hash_failed
E:\Downey cross-sucking videos 2024\Group 1 Day 4\._N884A6_ch10_main_20240709220003_20240709223003.mp4,decode_or_hash_failed
E:\Downey cross-sucking videos 2024\Group 1 Day 4\._N884A6_ch10_main_20240709223003_20240709230003.mp4,decode_or_hash_failed
E:\Downey cross-sucking videos 2024\Group 1 Day 4\._N884A6_ch10_main_20240709230003_20240709233003.mp4,decode_or_hash_failed
E:\Downey cross-sucking videos 2024\Group 1 Day 4\._N884A6_ch10_main_20240709233003_20240710000000.mp4,decode_or_hash_failed
E:\Downey cross-sucking videos 2024\Group 1 Day 4\._N884A6_ch10_main_20240710000000_20240710003003.mp4,decode_or_hash_failed
E:\Downey cross-sucking videos 2024\Group 1 Day 4\._N884A6_ch10_main_20240710003003_20240710010003.mp4,decode_or_hash_failed
E:\Downey cross-sucking videos 2024\Group 1 Day 4\._N884A6_ch10_main_20240710010003_20240710013003.mp4,decode_or_hash_failed
E:\Downey cross-sucking videos 2024\Group 1 Day 4\._N884A6_ch10_main_20240710013003_20240710020003.mp4,decode_or_hash_failed
E:\Downey cross-sucking videos 2024\Group 1 Day 4\._N884A6_ch10_main_20240710020003_20240710023003.mp4,decode_or_hash_failed
E:\Downey cross-sucking videos 2024\Group 1 Day 4\._N884A6_ch10_main_20240710023003_20240710030003.mp4,decode_or_hash_failed
E:\Downey cross-sucking videos 2024\Group 1 Day 4\._N884A6_ch10_main_20240710030003_20240710033003.mp4,decode_or_hash_failed
E:\Downey cross-sucking videos 2024\Group 1 Day 4\._N884A6_ch10_main_20240710033003_20240710040003.mp4,decode_or_hash_failed
E:\Downey cross-sucking videos 2024\Group 1 Day 4\._N884A6_ch10_main_20240710040003_20240710043003.mp4,decode_or_hash_failed
E:\Downey cross-sucking videos 2024\Group 1 Day 4\._N884A6_ch10_main_20240710043003_20240710050003.mp4,decode_or_hash_failed
E:\Downey cross-sucking videos 2024\Group 1 Day 4\Cam 10\._N884A6_ch10_main_20240709073003_20240709080003.mp4,decode_or_hash_failed
E:\Downey cross-sucking videos 2024\Group 1 Day 4\Cam 9\._N884A6_ch9_main_20240709073002_20240709080002.mp4,decode_or_hash_failed
E:\Downey cross-sucking videos 2024\Group 1 Day 4\Cam 9\._N884A6_ch9_main_20240709110002_20240709113002.mp4,decode_or_hash_failed
E:\Downey cross-sucking videos 2024\Group 1 Day 4\Cam 9\._N884A6_ch9_main_20240709113002_20240709120002.mp4,decode_or_hash_failed
E:\Downey cross-sucking videos 2024\Group 1 Day 4\Cam 9\._N884A6_ch9_main_20240709233002_20240710000000.mp4,decode_or_hash_failed
E:\Downey cross-sucking videos 2024\Group 1 Day 4\Cam 9\._N884A6_ch9_main_20240709170002_20240709173002.mp4,decode_or_hash_failed
E:\Downey cross-sucking videos 2024\Group 1 Day 4\Cam 8\._N884A6_ch8_main_20240709073001_20240709080001.mp4,decode_or_hash_failed
E:\Downey cross-sucking videos 2024\Group 1 Day 4\Cam 8\._N884A6_ch8_main_20240709113001_20240709120001.mp4,decode_or_hash_failed
E:\Downey cross-sucking videos 2024\Group 1 Day 4\Cam 8\._N884A6_ch8_main_20240709123001_20240709130001.mp4,decode_or_hash_failed
E:\Downey cross-sucking videos 2024\Group 1 Day 4\Cam 8\._N884A6_ch8_main_20240709120001_20240709123001.mp4,decode_or_hash_failed
E:\Downey cross-sucking videos 2024\Group 2 Day 4\Cam 16\._N884A6_ch16_main_20240717060003_20240717063003.mp4,decode_or_hash_failed
E:\Downey cross-sucking videos 2024\Group 2 Day 4\Cam 16\._N884A6_ch16_main_20240717100003_20240717103003.mp4,decode_or_hash_failed
E:\Downey cross-sucking videos 2024\Group 2 Day 4\Cam 16\._N884A6_ch16_main_20240717160003_20240717163003.mp4,decode_or_hash_failed
E:\Downey cross-sucking videos 2024\Group 2 Day 4\Cam 16\._N884A6_ch16_main_20240717163003_20240717170003.mp4,decode_or_hash_failed
E:\Downey cross-sucking videos 2024\Group 2 Day 4\Cam 16\._N884A6_ch16_main_20240717173003_20240717180003.mp4,decode_or_hash_failed
E:\Downey cross-sucking videos 2024\Group 2 Day 4\Cam 16\._N884A6_ch16_main_20240717073003_20240717080003.mp4,decode_or_hash_failed
E:\Downey cross-sucking videos 2024\Group 2 Day 4\Cam 11\._N884A6_ch11_main_20240717100001_20240717103001.mp4,decode_or_hash_failed
E:\Downey cross-sucking videos 2024\Group 2 Day 4\Cam 11\._N884A6_ch11_main_20240717060001_20240717063001.mp4,decode_or_hash_failed
E:\Downey cross-sucking videos 2024\Group 2 Day 4\Cam 11\._N884A6_ch11_main_20240717073001_20240717080001.mp4,decode_or_hash_failed
E:\Downey cross-sucking videos 2024\Group 2 Day 4\Cam 11\._N884A6_ch11_main_20240717163001_20240717170001.mp4,decode_or_hash_failed
E:\Downey cross-sucking videos 2024\Group 2 Day 4\Cam 11\._N884A6_ch11_main_20240717173001_20240717180001.mp4,decode_or_hash_failed
E:\Downey cross-sucking videos 2024\Group 2 Day 4\Cam 12\._N884A6_ch12_main_20240717070002_20240717073002.mp4,decode_or_hash_failed
E:\Downey cross-sucking videos 2024\Group 2 Day 4\Cam 12\._N884A6_ch12_main_20240717060002_20240717063002.mp4,decode_or_hash_failed
E:\Downey cross-sucking videos 2024\Group 2 Day 4\Cam 12\._N884A6_ch12_main_20240717073002_20240717080002.mp4,decode_or_hash_failed
E:\Downey cross-sucking videos 2024\Group 3 Day 4\Cam 16\._N884A6_ch16_main_20240805090004_20240805093003.mp4,decode_or_hash_failed
E:\Downey cross-sucking videos 2024\Group 3 Day 4\Cam 16\._N884A6_ch16_main_20240805060004_20240805063003.mp4,decode_or_hash_failed
E:\Downey cross-sucking videos 2024\Group 3 Day 4\Cam 16\._N884A6_ch16_main_20240805150003_20240805153003.mp4,decode_or_hash_failed
E:\Downey cross-sucking videos 2024\Group 3 Day 4\Cam 8\._N884A6_ch8_main_20240805080000_20240805083000.mp4,decode_or_hash_failed
E:\Downey cross-sucking videos 2024\Group 3 Day 4\Cam 8\._N884A6_ch8_main_20240805060000_20240805063000.mp4,decode_or_hash_failed
E:\Downey cross-sucking videos 2024\Group 3 Day 4\Cam 8\._N884A6_ch8_main_20240805150000_20240805153000.mp4,decode_or_hash_failed
E:\Downey cross-sucking videos 2024\Group 3 Day 4\Cam 12\._N884A6_ch12_main_20240805080002_20240805083002.mp4,decode_or_hash_failed
E:\Downey cross-sucking videos 2024\Group 3 Day 4\Cam 12\._N884A6_ch12_main_20240805060002_20240805063002.mp4,decode_or_hash_failed
E:\Downey cross-sucking videos 2024\Group 3 Day 4\Cam 12\._N884A6_ch12_main_20240805103002_20240805110002.mp4,decode_or_hash_failed
E:\Downey cross-sucking videos 2024\Group 3 Day 4\Cam 12\._N884A6_ch12_main_20240805093002_20240805100002.mp4,decode_or_hash_failed
E:\Downey cross-sucking videos 2024\Group 3 Day 4\Cam 12\._N884A6_ch12_main_20240805100002_20240805103002.mp4,decode_or_hash_failed
E:\Downey cross-sucking videos 2024\Group 3 Day 4\Cam 12\._N884A6_ch12_main_20240805150002_20240805153002.mp4,decode_or_hash_failed
E:\Downey cross-sucking videos 2024\Group 3 Day 4\Cam 14\N884A6_ch14_main_20240805110303_20240805110306.mp4,decode_or_hash_failed
E:\Downey cross-sucking videos 2024\Group 3 Day 4\Cam 14\N884A6_ch14_main_20240806002810_20240806002843.mp4,decode_or_hash_failed
E:\Downey cross-sucking videos 2024\Group 3 Day 4\Cam 14\._N884A6_ch14_main_20240805070003_20240805073003.mp4,decode_or_hash_failed
E:\Downey cross-sucking videos 2024\Group 3 Day 4\Cam 14\._N884A6_ch14_main_20240805060003_20240805063003.mp4,decode_or_hash_failed
E:\Downey cross-sucking videos 2024\Group 3 Day 4\Cam 14\._N884A6_ch14_main_20240805063003_20240805070003.mp4,decode_or_hash_failed
E:\Downey cross-sucking videos 2024\Group 3 Day 4\Cam 14\._N884A6_ch14_main_20240805080003_20240805083003.mp4,decode_or_hash_failed
E:\Downey cross-sucking videos 2024\Group 3 Day 4\Cam 14\._N884A6_ch14_main_20240805093003_20240805095249.mp4,decode_or_hash_failed
E:\Downey cross-sucking videos 2024\Group 3 Day 4\Cam 14\._N884A6_ch14_main_20240805095907_20240805101157.mp4,decode_or_hash_failed
E:\Downey cross-sucking videos 2024\2 weeks post-grouping (not annotated)\Group 2 Week 2\Cam 1\._N884A6_ch1_main_20240731063000_20240731070000.mp4,decode_or_hash_failed
